Phi,k,N_equilibrium
0.1,0.1,0.0916571
0.1,0.101,0.09188989999999998
0.1,0.102,0.0921237
0.1,0.103,0.0923584
0.1,0.104,0.0925941
0.1,0.105,0.0928307
0.1,0.106,0.0930682
0.1,0.107,0.0933067
0.1,0.108,0.09354610000000001
0.1,0.109,0.0937865
0.1,0.11,0.09402780000000001
0.1,0.111,0.0942702
0.1,0.112,0.0945135
0.1,0.113,0.0947577
0.1,0.114,0.095003
0.1,0.115,0.09524930000000001
0.1,0.116,0.0954965
0.1,0.117,0.09574479999999999
0.1,0.118,0.0959941
0.1,0.119,0.0962444
0.1,0.12,0.0964957
0.1,0.121,0.09674810000000002
0.1,0.122,0.0970015
0.1,0.123,0.097256
0.1,0.124,0.0975115
0.1,0.125,0.097768
0.1,0.126,0.0980256
0.1,0.127,0.0982843
0.1,0.128,0.09854410000000001
0.1,0.129,0.0988049
0.1,0.13,0.0990669
0.1,0.131,0.0993299
0.1,0.132,0.0995941
0.1,0.133,0.09985930000000001
0.1,0.134,0.10012599999999999
0.1,0.135,0.100393
0.1,0.136,0.100662
0.1,0.137,0.10093200000000001
0.1,0.138,0.101203
0.1,0.139,0.101475
0.1,0.14,0.101748
0.1,0.141,0.102022
0.1,0.142,0.102298
0.1,0.143,0.102575
0.1,0.144,0.102853
0.1,0.145,0.10313199999999999
0.1,0.146,0.10341199999999999
0.1,0.147,0.10369400000000001
0.1,0.148,0.103977
0.1,0.149,0.10426099999999999
0.1,0.15,0.104546
0.1,0.151,0.104832
0.1,0.152,0.10512
0.1,0.153,0.10540899999999999
0.1,0.154,0.1057
0.1,0.155,0.105991
0.1,0.156,0.10628399999999999
0.1,0.157,0.10657799999999999
0.1,0.158,0.106874
0.1,0.159,0.107171
0.1,0.16,0.10746900000000001
0.1,0.161,0.107768
0.1,0.162,0.10806900000000001
0.1,0.163,0.10837100000000001
0.1,0.164,0.108675
0.1,0.165,0.10898
0.1,0.166,0.109286
0.1,0.167,0.10959300000000001
0.1,0.168,0.109903
0.1,0.169,0.110213
0.1,0.17,0.110525
0.1,0.171,0.110838
0.1,0.172,0.111153
0.1,0.173,0.111469
0.1,0.174,0.11178699999999998
0.1,0.175,0.112106
0.1,0.176,0.112426
0.1,0.177,0.112748
0.1,0.178,0.113072
0.1,0.179,0.113397
0.1,0.18,0.113724
0.1,0.181,0.114052
0.1,0.182,0.114381
0.1,0.183,0.11471300000000001
0.1,0.184,0.11504500000000001
0.1,0.185,0.11538
0.1,0.186,0.11571600000000001
0.1,0.187,0.116053
0.1,0.188,0.11639200000000001
0.1,0.189,0.11673299999999999
0.1,0.19,0.117075
0.1,0.191,0.11741900000000001
0.1,0.192,0.11776500000000001
0.1,0.193,0.118112
0.1,0.194,0.118461
0.1,0.195,0.11881199999999999
0.1,0.196,0.11916500000000001
0.1,0.197,0.119519
0.1,0.198,0.119874
0.1,0.199,0.12023199999999999
0.1,0.2,0.120591
0.1,0.201,0.120952
0.1,0.202,0.121315
0.1,0.203,0.12168
0.1,0.204,0.122046
0.1,0.205,0.12241500000000001
0.1,0.206,0.12278499999999999
0.1,0.207,0.12315699999999999
0.1,0.208,0.12353
0.1,0.209,0.12390599999999999
0.1,0.21,0.12428399999999999
0.1,0.211,0.12466300000000001
0.1,0.212,0.12504400000000002
0.1,0.213,0.12542799999999998
0.1,0.214,0.125813
0.1,0.215,0.1262
0.1,0.216,0.126589
0.1,0.217,0.12697999999999998
0.1,0.218,0.127374
0.1,0.219,0.127769
0.1,0.22,0.128166
0.1,0.221,0.128565
0.1,0.222,0.128966
0.1,0.223,0.12937
0.1,0.224,0.129775
0.1,0.225,0.130183
0.1,0.226,0.13059300000000001
0.1,0.227,0.13100499999999998
0.1,0.228,0.131419
0.1,0.229,0.13183499999999998
0.1,0.23,0.132253
0.1,0.231,0.13267400000000001
0.1,0.232,0.133097
0.1,0.233,0.133522
0.1,0.234,0.133949
0.1,0.235,0.134379
0.1,0.236,0.134811
0.1,0.237,0.135245
0.1,0.238,0.135682
0.1,0.239,0.136121
0.1,0.24,0.136562
0.1,0.241,0.137006
0.1,0.242,0.137452
0.1,0.243,0.137901
0.1,0.244,0.138352
0.1,0.245,0.13880599999999998
0.1,0.246,0.139262
0.1,0.247,0.139721
0.1,0.248,0.140182
0.1,0.249,0.140645
0.1,0.25,0.141112
0.1,0.251,0.14158099999999998
0.1,0.252,0.142052
0.1,0.253,0.142527
0.1,0.254,0.143003
0.1,0.255,0.143483
0.1,0.256,0.143965
0.1,0.257,0.14445
0.1,0.258,0.144938
0.1,0.259,0.145429
0.1,0.26,0.145922
0.1,0.261,0.146418
0.1,0.262,0.14691700000000002
0.1,0.263,0.147419
0.1,0.264,0.147924
0.1,0.265,0.14843199999999998
0.1,0.266,0.14894300000000002
0.1,0.267,0.149457
0.1,0.268,0.149974
0.1,0.269,0.15049300000000002
0.1,0.27,0.151016
0.1,0.271,0.151542
0.1,0.272,0.152072
0.1,0.273,0.152604
0.1,0.274,0.153139
0.1,0.275,0.153678
0.1,0.276,0.15422
0.1,0.277,0.154765
0.1,0.278,0.155314
0.1,0.279,0.155865
0.1,0.28,0.156421
0.1,0.281,0.156979
0.1,0.282,0.15754100000000001
0.1,0.283,0.158107
0.1,0.284,0.158675
0.1,0.285,0.159248
0.1,0.286,0.159824
0.1,0.287,0.160403
0.1,0.288,0.160986
0.1,0.289,0.161573
0.1,0.29,0.162164
0.1,0.291,0.16275799999999999
0.1,0.292,0.163356
0.1,0.293,0.163958
0.1,0.294,0.16456300000000001
0.1,0.295,0.16517300000000001
0.1,0.296,0.165786
0.1,0.297,0.166403
0.1,0.298,0.167024
0.1,0.299,0.16765
0.1,0.3,0.16827899999999998
0.1,0.301,0.16891199999999998
0.1,0.302,0.16955
0.1,0.303,0.170191
0.1,0.304,0.170837
0.1,0.305,0.171487
0.1,0.306,0.17214200000000002
0.1,0.307,0.1728
0.1,0.308,0.173464
0.1,0.309,0.174131
0.1,0.31,0.174803
0.1,0.311,0.17548
0.1,0.312,0.17616099999999998
0.1,0.313,0.176846
0.1,0.314,0.177537
0.1,0.315,0.178232
0.1,0.316,0.178931
0.1,0.317,0.179636
0.1,0.318,0.180345
0.1,0.319,0.18106
0.1,0.32,0.181779
0.1,0.321,0.182503
0.1,0.322,0.18323299999999998
0.1,0.323,0.18396700000000002
0.1,0.324,0.18470599999999998
0.1,0.325,0.185451
0.1,0.326,0.186201
0.1,0.327,0.18695699999999998
0.1,0.328,0.187717
0.1,0.329,0.18848299999999998
0.1,0.33,0.189255
0.1,0.331,0.190032
0.1,0.332,0.190815
0.1,0.333,0.191604
0.1,0.334,0.192398
0.1,0.335,0.193198
0.1,0.336,0.194004
0.1,0.337,0.19481600000000002
0.1,0.338,0.195633
0.1,0.339,0.196457
0.1,0.34,0.197287
0.1,0.341,0.198123
0.1,0.342,0.198966
0.1,0.343,0.19981500000000002
0.1,0.344,0.20067000000000002
0.1,0.345,0.201531
0.1,0.346,0.2024
0.1,0.347,0.203275
0.1,0.348,0.204156
0.1,0.349,0.205044
0.1,0.35,0.20594
0.1,0.351,0.206842
0.1,0.352,0.20775100000000002
0.1,0.353,0.20866700000000002
0.1,0.354,0.20959099999999997
0.1,0.355,0.210521
0.1,0.356,0.211459
0.1,0.357,0.212405
0.1,0.358,0.213358
0.1,0.359,0.214319
0.1,0.36,0.21528699999999998
0.1,0.361,0.216263
0.1,0.362,0.21724699999999997
0.1,0.363,0.218239
0.1,0.364,0.21924000000000002
0.1,0.365,0.220248
0.1,0.366,0.22126500000000002
0.1,0.367,0.22229000000000002
0.1,0.368,0.223323
0.1,0.369,0.22436599999999998
0.1,0.37,0.225417
0.1,0.371,0.226476
0.1,0.372,0.22754499999999997
0.1,0.373,0.228623
0.1,0.374,0.22971
0.1,0.375,0.23080599999999998
0.1,0.376,0.23191199999999998
0.1,0.377,0.233027
0.1,0.378,0.234152
0.1,0.379,0.23528600000000002
0.1,0.38,0.236431
0.1,0.381,0.237585
0.1,0.382,0.23875
0.1,0.383,0.239925
0.1,0.384,0.24111100000000002
0.1,0.385,0.24230700000000002
0.1,0.386,0.243513
0.1,0.387,0.244731
0.1,0.388,0.24595999999999998
0.1,0.389,0.24719899999999997
0.1,0.39,0.24845100000000003
0.1,0.391,0.24971300000000002
0.1,0.392,0.250988
0.1,0.393,0.252274
0.1,0.394,0.25357199999999996
0.1,0.395,0.254882
0.1,0.396,0.256204
0.1,0.397,0.25753899999999996
0.1,0.398,0.258887
0.1,0.399,0.260247
0.1,0.4,0.26161999999999996
0.1,0.401,0.263007
0.1,0.402,0.264407
0.1,0.403,0.26582100000000003
0.1,0.404,0.267248
0.1,0.405,0.268689
0.1,0.406,0.27014499999999997
0.1,0.407,0.271615
0.1,0.408,0.2731
0.1,0.409,0.274599
0.1,0.41,0.27611399999999997
0.1,0.411,0.277643
0.1,0.412,0.27918899999999996
0.1,0.413,0.28075
0.1,0.414,0.282327
0.1,0.415,0.28392
0.1,0.416,0.28553
0.1,0.417,0.287157
0.1,0.418,0.2888
0.1,0.419,0.290461
0.1,0.42,0.29214
0.1,0.421,0.293836
0.1,0.422,0.295551
0.1,0.423,0.297283
0.1,0.424,0.299035
0.1,0.425,0.300806
0.1,0.426,0.302596
0.1,0.427,0.30440500000000004
0.1,0.428,0.306235
0.1,0.429,0.308085
0.1,0.43,0.309956
0.1,0.431,0.311847
0.1,0.432,0.31376
0.1,0.433,0.315695
0.1,0.434,0.317652
0.1,0.435,0.319631
0.1,0.436,0.321633
0.1,0.437,0.32365900000000003
0.1,0.438,0.325708
0.1,0.439,0.327781
0.1,0.44,0.329879
0.1,0.441,0.332002
0.1,0.442,0.33415
0.1,0.443,0.33632399999999996
0.1,0.444,0.338524
0.1,0.445,0.340751
0.1,0.446,0.343006
0.1,0.447,0.345288
0.1,0.448,0.347598
0.1,0.449,0.349938
0.1,0.45,0.35230700000000004
0.1,0.451,0.354706
0.1,0.452,0.357135
0.1,0.453,0.359595
0.1,0.454,0.362088
0.1,0.455,0.364612
0.1,0.456,0.36717
0.1,0.457,0.369761
0.1,0.458,0.372386
0.1,0.459,0.37504699999999996
0.1,0.46,0.377743
0.1,0.461,0.380475
0.1,0.462,0.383245
0.1,0.463,0.38605300000000004
0.1,0.464,0.388899
0.1,0.465,0.391785
0.1,0.466,0.39471100000000003
0.1,0.467,0.39767800000000003
0.1,0.468,0.400687
0.1,0.469,0.40374
0.1,0.47,0.40683600000000003
0.1,0.471,0.40997700000000004
0.1,0.472,0.41316400000000003
0.1,0.473,0.416397
0.1,0.474,0.41967899999999997
0.1,0.475,0.423009
0.1,0.476,0.42639
0.1,0.477,0.42982200000000004
0.1,0.478,0.433306
0.1,0.479,0.43684300000000004
0.1,0.48,0.440436
0.1,0.481,0.44408400000000003
0.1,0.482,0.44778999999999997
0.1,0.483,0.451554
0.1,0.484,0.455379
0.1,0.485,0.459266
0.1,0.486,0.463215
0.1,0.487,0.467229
0.1,0.488,0.47131000000000006
0.1,0.489,0.475458
0.1,0.49,0.47967600000000005
0.1,0.491,0.483966
0.1,0.492,0.488329
0.1,0.493,0.492766
0.1,0.494,0.49728100000000003
0.1,0.495,0.501876
0.1,0.496,0.506551
0.1,0.497,0.51131
0.1,0.498,0.516154
0.1,0.499,0.5210859999999999
0.1,0.5,0.526109
0.1,0.501,0.531225
0.1,0.502,0.5364359999999999
0.1,0.503,0.541745
0.1,0.504,0.5471550000000001
0.1,0.505,0.55267
0.1,0.506,0.558291
0.1,0.507,0.564022
0.1,0.508,0.569867
0.1,0.509,0.575828
0.1,0.51,0.58191
0.1,0.511,0.5881149999999999
0.1,0.512,0.594449
0.1,0.513,0.6009140000000001
0.1,0.514,0.6075149999999999
0.1,0.515,0.614256
0.1,0.516,0.621142
0.1,0.517,0.628178
0.1,0.518,0.635368
0.1,0.519,0.642717
0.1,0.52,0.6502319999999999
0.1,0.521,0.657917
0.1,0.522,0.665778
0.1,0.523,0.673822
0.1,0.524,0.682055
0.1,0.525,0.690483
0.1,0.526,0.699114
0.1,0.527,0.707956
0.1,0.528,0.717015
0.1,0.529,0.726301
0.1,0.53,0.7358210000000001
0.1,0.531,0.745585
0.1,0.532,0.755602
0.1,0.533,0.765882
0.1,0.534,0.776436
0.1,0.535,0.787274
0.1,0.536,0.798409
0.1,0.537,0.8098529999999999
0.1,0.538,0.8216180000000001
0.1,0.539,0.8337190000000001
0.1,0.54,0.8461700000000001
0.1,0.541,0.858986
0.1,0.542,0.872184
0.1,0.543,0.8857809999999999
0.1,0.544,0.8997959999999999
0.1,0.545,0.914248
0.1,0.546,0.929157
0.1,0.547,0.9445469999999999
0.1,0.548,0.96044
0.1,0.549,0.9768610000000001
0.1,0.55,0.9938379999999999
0.1,0.551,1.0114
0.1,0.552,1.02957
0.1,0.553,1.0484
0.1,0.554,1.0679
0.1,0.555,1.0881299999999998
0.1,0.556,1.10912
0.1,0.557,1.13091
0.1,0.558,1.15355
0.1,0.559,1.1771
0.1,0.56,1.20161
0.1,0.561,1.2271299999999998
0.1,0.562,1.2537399999999999
0.1,0.563,1.2815
0.1,0.564,1.31049
0.1,0.565,1.3408
0.1,0.566,1.3725100000000001
0.1,0.567,1.40572
0.1,0.568,1.44055
0.1,0.569,1.4771100000000001
0.1,0.57,1.5155399999999999
0.1,0.571,1.55598
0.1,0.572,1.5986
0.1,0.573,1.6435799999999998
0.1,0.574,1.6911200000000002
0.1,0.575,1.74143
0.1,0.576,1.7947799999999998
0.1,0.577,1.85143
0.1,0.578,1.91172
0.1,0.579,1.9759900000000001
0.1,0.58,2.04465
0.1,0.581,2.11816
0.1,0.582,2.1970400000000003
0.1,0.583,2.2819
0.1,0.584,2.37343
0.1,0.585,2.47242
0.1,0.586,2.5798
0.1,0.587,2.69665
0.1,0.588,2.82422
0.1,0.589,2.96398
0.1,0.59,3.11768
0.1,0.591,3.28736
0.1,0.592,3.4754699999999996
0.1,0.593,3.6849300000000005
0.1,0.594,3.9192099999999996
0.1,0.595,4.18254
0.1,0.596,4.47998
0.1,0.597,4.81769
0.1,0.598,5.2032
0.1,0.599,5.6456800000000005
0.1,0.6,6.15642
0.1,0.601,6.74932
0.1,0.602,7.44158
0.1,0.603,8.25457
0.1,0.604,9.21487
0.1,0.605,10.3557
0.1,0.606,11.7188
0.1,0.607,13.3566
0.1,0.608,15.3349
0.1,0.609,17.7374
0.1,0.61,20.6698
0.1,0.611,24.2666
0.1,0.612,28.6989
0.1,0.613,34.185
0.1,0.614,41.0042
0.1,0.615,49.5143
0.1,0.616,60.1746
0.1,0.617,73.5753
0.1,0.618,90.2845
0.1,0.619,972.342
0.1,0.62,219547.0
0.1,0.621,27859400.0
0.1,0.622,2059410000.0
0.1,0.623,97751200000.0
0.1,0.624,3211950000000.0
0.1,0.625,77471800000000.0
0.1,0.626,1437230000000000.0
0.1,0.627,2.12896e+16
0.1,0.628,2.59589e+17
0.1,0.629,2.67205e+18
0.1,0.63,2.37068e+19
0.1,0.631,1.84498e+20
0.1,0.632,1.27838e+21
0.1,0.633,7.98531e+21
0.1,0.634,4.54593e+22
0.1,0.635,2.38073e+23
0.1,0.636,1.15619e+24
0.1,0.637,5.24425e+24
0.1,0.638,2.2352e+25
0.1,0.639,9.00192e+25
0.1,0.64,3.44181e+26
0.1,0.641,1.25477e+27
0.1,0.642,4.37811e+27
0.1,0.643,1.46704e+28
0.1,0.644,4.73517e+28
0.1,0.645,1.47644e+29
0.1,0.646,4.45739e+29
0.1,0.647,1.3061e+30
0.1,0.648,3.72158e+30
0.1,0.649,1.03308e+31
0.1,0.65,2.7988e+31
0.1,0.651,7.41168e+31
0.1,0.652,1.92091e+32
0.1,0.653,4.87938e+32
0.1,0.654,1.21612e+33
0.1,0.655,2.97727e+33
0.1,0.656,7.16721e+33
0.1,0.657,1.69808e+34
0.1,0.658,3.96285e+34
0.1,0.659,9.1175e+34
0.1,0.66,2.06949e+35
0.1,0.661,4.63727e+35
0.1,0.662,1.02655e+36
0.1,0.663,2.24614e+36
0.1,0.664,4.8609100000000005e+36
0.1,0.665,1.0409000000000001e+37
0.1,0.666,2.20679e+37
0.1,0.667,4.6338200000000005e+37
0.1,0.668,9.64168e+37
0.1,0.669,1.9886e+38
0.1,0.67,4.0675500000000005e+38
0.1,0.671,8.25347e+38
0.1,0.672,1.6619500000000002e+39
0.1,0.673,3.32194e+39
0.1,0.674,6.593150000000001e+39
0.1,0.675,1.2997600000000002e+40
0.1,0.676,2.5456400000000003e+40
0.1,0.677,4.95458e+40
0.1,0.678,9.58501e+40
0.1,0.679,1.84369e+41
0.1,0.68,3.52644e+41
0.1,0.681,6.70916e+41
0.1,0.682,1.2698300000000001e+42
0.1,0.683,2.39129e+42
0.1,0.684,4.4816200000000005e+42
0.1,0.685,8.36027e+42
0.1,0.686,1.5525200000000002e+43
0.1,0.687,2.87048e+43
0.1,0.688,5.285020000000001e+43
0.1,0.689,9.69132e+43
0.1,0.69,1.77e+44
0.1,0.691,3.2207800000000003e+44
0.1,0.692,5.83856e+44
0.1,0.693,1.05462e+45
0.1,0.694,1.8983300000000002e+45
0.1,0.695,3.40556e+45
0.1,0.696,6.089400000000001e+45
0.1,0.697,1.0854000000000001e+46
0.1,0.698,1.92858e+46
0.1,0.699,3.4168100000000003e+46
0.1,0.7,6.03535e+46
0.1,0.701,1.06315e+47
0.1,0.702,1.86752e+47
0.1,0.703,3.27163e+47
0.1,0.704,5.716320000000001e+47
0.1,0.705,9.962570000000001e+47
0.1,0.706,1.73208e+48
0.1,0.707,3.0042e+48
0.1,0.708,5.1983900000000004e+48
0.1,0.709,8.97405e+48
0.1,0.71,1.54579e+49
0.1,0.711,2.65676e+49
0.1,0.712,4.55667e+49
0.1,0.713,7.798380000000001e+49
0.1,0.714,1.3321000000000002e+50
0.1,0.715,2.2707700000000002e+50
0.1,0.716,3.86341e+50
0.1,0.717,6.5608900000000005e+50
0.1,0.718,1.11211e+51
0.1,0.719,1.8816000000000002e+51
0.1,0.72,3.17783e+51
0.1,0.721,5.3582e+51
0.1,0.722,9.01922e+51
0.1,0.723,1.5156200000000002e+52
0.1,0.724,2.54272e+52
0.1,0.725,4.2594000000000004e+52
0.1,0.726,7.124060000000001e+52
0.1,0.727,1.1896700000000002e+53
0.1,0.728,1.9837200000000003e+53
0.1,0.729,3.30266e+53
0.1,0.73,5.4914800000000005e+53
0.1,0.731,9.11751e+53
0.1,0.732,1.5115500000000001e+54
0.1,0.733,2.50298e+54
0.1,0.734,4.13867e+54
0.1,0.735,6.83509e+54
0.1,0.736,1.1272400000000001e+55
0.1,0.737,1.8569900000000003e+55
0.1,0.738,3.05513e+55
0.1,0.739,5.02041e+55
0.1,0.74,8.23996e+55
0.1,0.741,1.3508400000000001e+56
0.1,0.742,2.21193e+56
0.1,0.743,3.61821e+56
0.1,0.744,5.91148e+56
0.1,0.745,9.648220000000001e+56
0.1,0.746,1.5729400000000003e+57
0.1,0.747,2.5615800000000004e+57
0.1,0.748,4.16749e+57
0.1,0.749,6.77355e+57
0.1,0.75,1.0998e+58
0.1,0.751,1.78394e+58
0.1,0.752,2.8908e+58
0.1,0.753,4.6799e+58
0.1,0.754,7.56898e+58
0.1,0.755,1.22309e+59
0.1,0.756,1.9747000000000002e+59
0.1,0.757,3.1852200000000004e+59
0.1,0.758,5.13303e+59
0.1,0.759,8.265040000000001e+59
0.1,0.76,1.32959e+60
0.1,0.761,2.1370699999999998e+60
0.1,0.762,3.4324900000000005e+60
0.1,0.763,5.50814e+60
0.1,0.764,8.83151e+60
0.1,0.765,1.41493e+61
0.1,0.766,2.26511e+61
0.1,0.767,3.62327e+61
0.1,0.768,5.79138e+61
0.1,0.769,9.249900000000001e+61
0.1,0.77,1.4761e+62
0.1,0.771,2.35429e+62
0.1,0.772,3.7517400000000004e+62
0.1,0.773,5.97464e+62
0.1,0.774,9.50758e+62
0.1,0.775,1.5118900000000001e+63
0.1,0.776,2.4025700000000002e+63
0.1,0.777,3.81527e+63
0.1,0.778,6.05453e+63
0.1,0.779,9.6018e+63
0.1,0.78,1.52161e+64
0.1,0.781,2.40998e+64
0.1,0.782,3.8142e+64
0.1,0.783,6.033540000000001e+64
0.1,0.784,9.537410000000001e+64
0.1,0.785,1.50653e+65
0.1,0.786,2.37868e+65
0.1,0.787,3.75308e+65
0.1,0.788,5.917530000000001e+65
0.1,0.789,9.32635e+65
0.1,0.79,1.4688700000000002e+66
0.1,0.791,2.31187e+66
0.1,0.792,3.63714e+66
0.1,0.793,5.71846e+66
0.1,0.794,8.985780000000001e+66
0.1,0.795,1.41106e+67
0.1,0.796,2.21488e+67
0.1,0.797,3.4746800000000006e+67
0.1,0.798,5.44773e+67
0.1,0.799,8.53678e+67
1.0,0.1,0.9165709999999999
1.0,0.101,0.918899
1.0,0.102,0.9212370000000001
1.0,0.103,0.923584
1.0,0.104,0.925941
1.0,0.105,0.928307
1.0,0.106,0.930682
1.0,0.107,0.933067
1.0,0.108,0.9354610000000001
1.0,0.109,0.937865
1.0,0.11,0.9402780000000001
1.0,0.111,0.942702
1.0,0.112,0.9451350000000001
1.0,0.113,0.947577
1.0,0.114,0.9500299999999999
1.0,0.115,0.952493
1.0,0.116,0.954965
1.0,0.117,0.957448
1.0,0.118,0.9599409999999999
1.0,0.119,0.9624440000000001
1.0,0.12,0.964957
1.0,0.121,0.9674809999999999
1.0,0.122,0.970015
1.0,0.123,0.9725600000000001
1.0,0.124,0.975115
1.0,0.125,0.9776799999999999
1.0,0.126,0.9802559999999999
1.0,0.127,0.982843
1.0,0.128,0.985441
1.0,0.129,0.988049
1.0,0.13,0.990669
1.0,0.131,0.9932989999999999
1.0,0.132,0.995941
1.0,0.133,0.9985930000000001
1.0,0.134,1.00126
1.0,0.135,1.00393
1.0,0.136,1.00662
1.0,0.137,1.00932
1.0,0.138,1.01203
1.0,0.139,1.01475
1.0,0.14,1.01748
1.0,0.141,1.0202200000000001
1.0,0.142,1.02298
1.0,0.143,1.02575
1.0,0.144,1.02853
1.0,0.145,1.03132
1.0,0.146,1.0341200000000002
1.0,0.147,1.03694
1.0,0.148,1.03977
1.0,0.149,1.04261
1.0,0.15,1.04546
1.0,0.151,1.0483200000000001
1.0,0.152,1.0512
1.0,0.153,1.05409
1.0,0.154,1.057
1.0,0.155,1.0599100000000001
1.0,0.156,1.06284
1.0,0.157,1.06578
1.0,0.158,1.06874
1.0,0.159,1.07171
1.0,0.16,1.07469
1.0,0.161,1.07768
1.0,0.162,1.08069
1.0,0.163,1.08371
1.0,0.164,1.08675
1.0,0.165,1.0898
1.0,0.166,1.09286
1.0,0.167,1.0959299999999998
1.0,0.168,1.09903
1.0,0.169,1.1021299999999998
1.0,0.17,1.10525
1.0,0.171,1.10838
1.0,0.172,1.11153
1.0,0.173,1.11469
1.0,0.174,1.1178700000000001
1.0,0.175,1.12106
1.0,0.176,1.12426
1.0,0.177,1.12748
1.0,0.178,1.1307200000000002
1.0,0.179,1.1339700000000001
1.0,0.18,1.13724
1.0,0.181,1.14052
1.0,0.182,1.14381
1.0,0.183,1.14713
1.0,0.184,1.15045
1.0,0.185,1.1538
1.0,0.186,1.15716
1.0,0.187,1.1605299999999998
1.0,0.188,1.16392
1.0,0.189,1.16733
1.0,0.19,1.17075
1.0,0.191,1.17419
1.0,0.192,1.17765
1.0,0.193,1.1811200000000002
1.0,0.194,1.18461
1.0,0.195,1.18812
1.0,0.196,1.19165
1.0,0.197,1.19519
1.0,0.198,1.19874
1.0,0.199,1.20232
1.0,0.2,1.20591
1.0,0.201,1.2095200000000002
1.0,0.202,1.21315
1.0,0.203,1.2168
1.0,0.204,1.22046
1.0,0.205,1.22415
1.0,0.206,1.22785
1.0,0.207,1.23157
1.0,0.208,1.2353
1.0,0.209,1.23906
1.0,0.21,1.24284
1.0,0.211,1.24663
1.0,0.212,1.25044
1.0,0.213,1.2542799999999998
1.0,0.214,1.25813
1.0,0.215,1.262
1.0,0.216,1.26589
1.0,0.217,1.2698
1.0,0.218,1.2737399999999999
1.0,0.219,1.27769
1.0,0.22,1.28166
1.0,0.221,1.28565
1.0,0.222,1.28966
1.0,0.223,1.2937
1.0,0.224,1.29775
1.0,0.225,1.3018299999999998
1.0,0.226,1.30593
1.0,0.227,1.31005
1.0,0.228,1.31419
1.0,0.229,1.31835
1.0,0.23,1.32253
1.0,0.231,1.32674
1.0,0.232,1.33097
1.0,0.233,1.33522
1.0,0.234,1.33949
1.0,0.235,1.34379
1.0,0.236,1.3481100000000001
1.0,0.237,1.35245
1.0,0.238,1.3568200000000001
1.0,0.239,1.36121
1.0,0.24,1.36562
1.0,0.241,1.37006
1.0,0.242,1.37452
1.0,0.243,1.37901
1.0,0.244,1.38352
1.0,0.245,1.38806
1.0,0.246,1.39262
1.0,0.247,1.39721
1.0,0.248,1.40182
1.0,0.249,1.40645
1.0,0.25,1.4111200000000002
1.0,0.251,1.41581
1.0,0.252,1.42052
1.0,0.253,1.42527
1.0,0.254,1.43003
1.0,0.255,1.4348299999999998
1.0,0.256,1.43965
1.0,0.257,1.4445
1.0,0.258,1.44938
1.0,0.259,1.4542899999999999
1.0,0.26,1.4592200000000002
1.0,0.261,1.46418
1.0,0.262,1.46917
1.0,0.263,1.47419
1.0,0.264,1.4792399999999999
1.0,0.265,1.48432
1.0,0.266,1.48943
1.0,0.267,1.4945700000000002
1.0,0.268,1.49974
1.0,0.269,1.5049299999999999
1.0,0.27,1.51016
1.0,0.271,1.51542
1.0,0.272,1.52072
1.0,0.273,1.52604
1.0,0.274,1.53139
1.0,0.275,1.53678
1.0,0.276,1.5422
1.0,0.277,1.54765
1.0,0.278,1.55314
1.0,0.279,1.55865
1.0,0.28,1.56421
1.0,0.281,1.56979
1.0,0.282,1.57541
1.0,0.283,1.58107
1.0,0.284,1.58675
1.0,0.285,1.59248
1.0,0.286,1.5982399999999999
1.0,0.287,1.6040299999999998
1.0,0.288,1.60986
1.0,0.289,1.6157299999999999
1.0,0.29,1.62164
1.0,0.291,1.62758
1.0,0.292,1.6335600000000001
1.0,0.293,1.63958
1.0,0.294,1.64563
1.0,0.295,1.65173
1.0,0.296,1.65786
1.0,0.297,1.66403
1.0,0.298,1.6702400000000002
1.0,0.299,1.6765
1.0,0.3,1.6827900000000002
1.0,0.301,1.6891200000000002
1.0,0.302,1.6955
1.0,0.303,1.7019099999999998
1.0,0.304,1.7083700000000002
1.0,0.305,1.7148700000000001
1.0,0.306,1.7214200000000002
1.0,0.307,1.7280000000000002
1.0,0.308,1.7346400000000002
1.0,0.309,1.74131
1.0,0.31,1.74803
1.0,0.311,1.7548
1.0,0.312,1.76161
1.0,0.313,1.76846
1.0,0.314,1.7753700000000001
1.0,0.315,1.7823200000000001
1.0,0.316,1.78931
1.0,0.317,1.79636
1.0,0.318,1.80345
1.0,0.319,1.8106
1.0,0.32,1.8177900000000002
1.0,0.321,1.82503
1.0,0.322,1.83233
1.0,0.323,1.8396700000000001
1.0,0.324,1.84706
1.0,0.325,1.8545099999999999
1.0,0.326,1.86201
1.0,0.327,1.8695700000000002
1.0,0.328,1.87717
1.0,0.329,1.88483
1.0,0.33,1.89255
1.0,0.331,1.90032
1.0,0.332,1.90815
1.0,0.333,1.9160400000000002
1.0,0.334,1.92398
1.0,0.335,1.93198
1.0,0.336,1.9400400000000002
1.0,0.337,1.94816
1.0,0.338,1.95633
1.0,0.339,1.9645700000000001
1.0,0.34,1.9728700000000001
1.0,0.341,1.9812299999999998
1.0,0.342,1.9896599999999998
1.0,0.343,1.99815
1.0,0.344,2.0067
1.0,0.345,2.01531
1.0,0.346,2.024
1.0,0.347,2.03275
1.0,0.348,2.04156
1.0,0.349,2.05044
1.0,0.35,2.0594
1.0,0.351,2.06842
1.0,0.352,2.0775099999999997
1.0,0.353,2.0866700000000002
1.0,0.354,2.09591
1.0,0.355,2.10521
1.0,0.356,2.11459
1.0,0.357,2.12405
1.0,0.358,2.13358
1.0,0.359,2.14319
1.0,0.36,2.15287
1.0,0.361,2.16263
1.0,0.362,2.17247
1.0,0.363,2.1823900000000003
1.0,0.364,2.1924
1.0,0.365,2.20248
1.0,0.366,2.21265
1.0,0.367,2.2229
1.0,0.368,2.23323
1.0,0.369,2.2436599999999998
1.0,0.37,2.2541700000000002
1.0,0.371,2.26476
1.0,0.372,2.27545
1.0,0.373,2.2862299999999998
1.0,0.374,2.2971
1.0,0.375,2.30806
1.0,0.376,2.3191200000000003
1.0,0.377,2.33027
1.0,0.378,2.34152
1.0,0.379,2.3528599999999997
1.0,0.38,2.3643099999999997
1.0,0.381,2.37585
1.0,0.382,2.3875
1.0,0.383,2.39925
1.0,0.384,2.41111
1.0,0.385,2.42307
1.0,0.386,2.43513
1.0,0.387,2.44731
1.0,0.388,2.4596
1.0,0.389,2.4719900000000004
1.0,0.39,2.4845099999999998
1.0,0.391,2.49713
1.0,0.392,2.50988
1.0,0.393,2.52274
1.0,0.394,2.53572
1.0,0.395,2.54882
1.0,0.396,2.56204
1.0,0.397,2.57539
1.0,0.398,2.58887
1.0,0.399,2.6024700000000003
1.0,0.4,2.6162
1.0,0.401,2.63007
1.0,0.402,2.64407
1.0,0.403,2.65821
1.0,0.404,2.6724799999999997
1.0,0.405,2.68689
1.0,0.406,2.70145
1.0,0.407,2.71615
1.0,0.408,2.7310000000000003
1.0,0.409,2.74599
1.0,0.41,2.76114
1.0,0.411,2.77643
1.0,0.412,2.79189
1.0,0.413,2.8075
1.0,0.414,2.82327
1.0,0.415,2.8392
1.0,0.416,2.8553
1.0,0.417,2.87157
1.0,0.418,2.888
1.0,0.419,2.90461
1.0,0.42,2.9214
1.0,0.421,2.93836
1.0,0.422,2.95551
1.0,0.423,2.97283
1.0,0.424,2.99035
1.0,0.425,3.00806
1.0,0.426,3.02596
1.0,0.427,3.04405
1.0,0.428,3.06235
1.0,0.429,3.08085
1.0,0.43,3.09956
1.0,0.431,3.11847
1.0,0.432,3.1376
1.0,0.433,3.15695
1.0,0.434,3.17652
1.0,0.435,3.19631
1.0,0.436,3.21633
1.0,0.437,3.23659
1.0,0.438,3.2570799999999998
1.0,0.439,3.2778099999999997
1.0,0.44,3.2987900000000003
1.0,0.441,3.3200199999999995
1.0,0.442,3.3415
1.0,0.443,3.3632400000000002
1.0,0.444,3.38524
1.0,0.445,3.40751
1.0,0.446,3.4300599999999997
1.0,0.447,3.4528800000000004
1.0,0.448,3.4759800000000003
1.0,0.449,3.4993800000000004
1.0,0.45,3.5230699999999997
1.0,0.451,3.5470599999999997
1.0,0.452,3.57135
1.0,0.453,3.59595
1.0,0.454,3.62088
1.0,0.455,3.64612
1.0,0.456,3.6717
1.0,0.457,3.69761
1.0,0.458,3.7238599999999997
1.0,0.459,3.7504699999999995
1.0,0.46,3.7774300000000003
1.0,0.461,3.80475
1.0,0.462,3.83245
1.0,0.463,3.8605300000000002
1.0,0.464,3.88899
1.0,0.465,3.91785
1.0,0.466,3.94711
1.0,0.467,3.97678
1.0,0.468,4.006869999999999
1.0,0.469,4.0374
1.0,0.47,4.06836
1.0,0.471,4.0997699999999995
1.0,0.472,4.13164
1.0,0.473,4.16397
1.0,0.474,4.19679
1.0,0.475,4.230090000000001
1.0,0.476,4.2639
1.0,0.477,4.29822
1.0,0.478,4.33306
1.0,0.479,4.36843
1.0,0.48,4.40436
1.0,0.481,4.440840000000001
1.0,0.482,4.4779
1.0,0.483,4.5155400000000006
1.0,0.484,4.55379
1.0,0.485,4.5926599999999995
1.0,0.486,4.63215
1.0,0.487,4.67229
1.0,0.488,4.7131
1.0,0.489,4.754580000000001
1.0,0.49,4.79676
1.0,0.491,4.83966
1.0,0.492,4.883290000000001
1.0,0.493,4.9276599999999995
1.0,0.494,4.97281
1.0,0.495,5.018759999999999
1.0,0.496,5.06551
1.0,0.497,5.1131
1.0,0.498,5.1615400000000005
1.0,0.499,5.21086
1.0,0.5,5.26109
1.0,0.501,5.31225
1.0,0.502,5.36436
1.0,0.503,5.41745
1.0,0.504,5.47155
1.0,0.505,5.5267
1.0,0.506,5.58291
1.0,0.507,5.640219999999999
1.0,0.508,5.69867
1.0,0.509,5.75828
1.0,0.51,5.8191
1.0,0.511,5.88115
1.0,0.512,5.94449
1.0,0.513,6.00914
1.0,0.514,6.07515
1.0,0.515,6.14256
1.0,0.516,6.2114199999999995
1.0,0.517,6.28178
1.0,0.518,6.353680000000001
1.0,0.519,6.427169999999999
1.0,0.52,6.50232
1.0,0.521,6.5791699999999995
1.0,0.522,6.657780000000001
1.0,0.523,6.73822
1.0,0.524,6.82055
1.0,0.525,6.9048300000000005
1.0,0.526,6.99114
1.0,0.527,7.079560000000001
1.0,0.528,7.17015
1.0,0.529,7.26301
1.0,0.53,7.358210000000001
1.0,0.531,7.45585
1.0,0.532,7.556019999999999
1.0,0.533,7.6588199999999995
1.0,0.534,7.764360000000001
1.0,0.535,7.872739999999999
1.0,0.536,7.984089999999999
1.0,0.537,8.09853
1.0,0.538,8.21618
1.0,0.539,8.33719
1.0,0.54,8.4617
1.0,0.541,8.58986
1.0,0.542,8.72184
1.0,0.543,8.85781
1.0,0.544,8.99796
1.0,0.545,9.14248
1.0,0.546,9.29157
1.0,0.547,9.44547
1.0,0.548,9.6044
1.0,0.549,9.76861
1.0,0.55,9.93838
1.0,0.551,10.113999999999999
1.0,0.552,10.2957
1.0,0.553,10.484000000000002
1.0,0.554,10.679
1.0,0.555,10.8813
1.0,0.556,11.0912
1.0,0.557,11.3091
1.0,0.558,11.5355
1.0,0.559,11.770999999999999
1.0,0.56,12.0161
1.0,0.561,12.2713
1.0,0.562,12.5374
1.0,0.563,12.815
1.0,0.564,13.1049
1.0,0.565,13.408
1.0,0.566,13.7251
1.0,0.567,14.0572
1.0,0.568,14.4055
1.0,0.569,14.7711
1.0,0.57,15.1554
1.0,0.571,15.5598
1.0,0.572,15.985999999999999
1.0,0.573,16.4358
1.0,0.574,16.9111
1.0,0.575,17.4143
1.0,0.576,17.9477
1.0,0.577,18.5142
1.0,0.578,19.1171
1.0,0.579,19.7597
1.0,0.58,20.4463
1.0,0.581,21.1813
1.0,0.582,21.97
1.0,0.583,22.8184
1.0,0.584,23.7335
1.0,0.585,24.7232
1.0,0.586,25.7966
1.0,0.587,26.9646
1.0,0.588,28.2396
1.0,0.589,29.6364
1.0,0.59,31.1722
1.0,0.591,32.8674
1.0,0.592,34.7464
1.0,0.593,36.838
1.0,0.594,39.1769
1.0,0.595,41.8049
1.0,0.596,44.7722
1.0,0.597,48.1398
1.0,0.598,51.9819
1.0,0.599,56.3893
1.0,0.6,61.4733
1.0,0.601,67.3708
1.0,0.602,74.251
1.0,0.603,82.3237
1.0,0.604,106.514
1.0,0.605,68786800.0
1.0,0.606,822437000000.0
1.0,0.607,643066000000000.0
1.0,0.608,1.06245e+17
1.0,0.609,6.51294e+18
1.0,0.61,2.02127e+20
1.0,0.611,3.83406e+21
1.0,0.612,5.02229e+22
1.0,0.613,4.93684e+23
1.0,0.614,3.86341e+24
1.0,0.615,2.51313e+25
1.0,0.616,1.40378e+26
1.0,0.617,6.90376e+26
1.0,0.618,3.04842e+27
1.0,0.619,1.22758e+28
1.0,0.62,4.56543e+28
1.0,0.621,1.58433e+29
1.0,0.622,5.17423e+29
1.0,0.623,1.60171e+30
1.0,0.624,4.72775e+30
1.0,0.625,1.33752e+31
1.0,0.626,3.64225e+31
1.0,0.627,9.58451e+31
1.0,0.628,2.44486e+32
1.0,0.629,6.06266e+32
1.0,0.63,1.4653e+33
1.0,0.631,3.459e+33
1.0,0.632,7.9908e+33
1.0,0.633,1.80963e+34
1.0,0.634,4.02396e+34
1.0,0.635,8.79668e+34
1.0,0.636,1.89313e+35
1.0,0.637,4.01494e+35
1.0,0.638,8.39949e+35
1.0,0.639,1.73521e+36
1.0,0.64,3.5421299999999996e+36
1.0,0.641,7.150739999999999e+36
1.0,0.642,1.42859e+37
1.0,0.643,2.82623e+37
1.0,0.644,5.539860000000001e+37
1.0,0.645,1.07648e+38
1.0,0.646,2.0745800000000002e+38
1.0,0.647,3.96748e+38
1.0,0.648,7.5321e+38
1.0,0.649,1.41992e+39
1.0,0.65,2.65935e+39
1.0,0.651,4.9493e+39
1.0,0.652,9.156490000000001e+39
1.0,0.653,1.68429e+40
1.0,0.654,3.0818300000000004e+40
1.0,0.655,5.6095e+40
1.0,0.656,1.01604e+41
1.0,0.657,1.83174e+41
1.0,0.658,3.28731e+41
1.0,0.659,5.874500000000001e+41
1.0,0.66,1.04544e+42
1.0,0.661,1.85302e+42
1.0,0.662,3.2724100000000003e+42
1.0,0.663,5.75758e+42
1.0,0.664,1.0094400000000001e+43
1.0,0.665,1.76384e+43
1.0,0.666,3.0721500000000003e+43
1.0,0.667,5.33426e+43
1.0,0.668,9.23384e+43
1.0,0.669,1.5938100000000001e+44
1.0,0.67,2.7433100000000002e+44
1.0,0.671,4.7091500000000005e+44
1.0,0.672,8.06248e+44
1.0,0.673,1.3768400000000001e+45
1.0,0.674,2.3457100000000002e+45
1.0,0.675,3.98673e+45
1.0,0.676,6.76037e+45
1.0,0.677,1.14382e+46
1.0,0.678,1.93114e+46
1.0,0.679,3.25365e+46
1.0,0.68,5.470770000000001e+46
1.0,0.681,9.18061e+46
1.0,0.682,1.5376900000000001e+47
1.0,0.683,2.57068e+47
1.0,0.684,4.29024e+47
1.0,0.685,7.14716e+47
1.0,0.686,1.18866e+48
1.0,0.687,1.9736e+48
1.0,0.688,3.27162e+48
1.0,0.689,5.4146e+48
1.0,0.69,8.94821e+48
1.0,0.691,1.4765500000000002e+49
1.0,0.692,2.43283e+49
1.0,0.693,4.0031400000000003e+49
1.0,0.694,6.57748e+49
1.0,0.695,1.07931e+50
1.0,0.696,1.76868e+50
1.0,0.697,2.8946e+50
1.0,0.698,4.73133e+50
1.0,0.699,7.72416e+50
1.0,0.7,1.2595200000000001e+51
1.0,0.701,2.05142e+51
1.0,0.702,3.33741e+51
1.0,0.703,5.42341e+51
1.0,0.704,8.80334e+51
1.0,0.705,1.4274400000000001e+52
1.0,0.706,2.3120800000000002e+52
1.0,0.707,3.7408700000000005e+52
1.0,0.708,6.04741e+52
1.0,0.709,9.76555e+52
1.0,0.71,1.57541e+53
1.0,0.711,2.53917e+53
1.0,0.712,4.08866e+53
1.0,0.713,6.577240000000001e+53
1.0,0.714,1.05722e+54
1.0,0.715,1.6977300000000002e+54
1.0,0.716,2.7239500000000003e+54
1.0,0.717,4.36681e+54
1.0,0.718,6.9944e+54
1.0,0.719,1.11942e+55
1.0,0.72,1.79009e+55
1.0,0.721,2.8602700000000003e+55
1.0,0.722,4.5667800000000005e+55
1.0,0.723,7.28504e+55
1.0,0.724,1.16146e+56
1.0,0.725,1.85015e+56
1.0,0.726,2.9449500000000002e+56
1.0,0.727,4.68455e+56
1.0,0.728,7.44615e+56
1.0,0.729,1.18265e+57
1.0,0.73,1.87738e+57
1.0,0.731,2.9779000000000002e+57
1.0,0.732,4.7203300000000004e+57
1.0,0.733,7.4771e+57
1.0,0.734,1.18376e+58
1.0,0.735,1.87275e+58
1.0,0.736,2.96094e+58
1.0,0.737,4.6783599999999997e+58
1.0,0.738,7.387000000000001e+58
1.0,0.739,1.16581e+59
1.0,0.74,1.83875e+59
1.0,0.741,2.8983400000000002e+59
1.0,0.742,4.56573e+59
1.0,0.743,7.18826e+59
1.0,0.744,1.1310900000000001e+60
1.0,0.745,1.77878e+60
1.0,0.746,2.79577e+60
1.0,0.747,4.3917900000000005e+60
1.0,0.748,6.89518e+60
1.0,0.749,1.08197e+61
1.0,0.75,1.69691e+61
1.0,0.751,2.6599500000000003e+61
1.0,0.752,4.1673900000000004e+61
1.0,0.753,6.52579e+61
1.0,0.754,1.02136e+62
1.0,0.755,1.59775e+62
1.0,0.756,2.49814e+62
1.0,0.757,3.9039700000000005e+62
1.0,0.758,6.09822e+62
1.0,0.759,9.52107e+62
1.0,0.76,1.48577e+63
1.0,0.761,2.3174100000000003e+63
1.0,0.762,3.61275e+63
1.0,0.763,5.6303400000000005e+63
1.0,0.764,8.77035e+63
1.0,0.765,1.36548e+64
1.0,0.766,2.125e+64
1.0,0.767,3.30554e+64
1.0,0.768,5.1393000000000003e+64
1.0,0.769,7.987470000000001e+64
1.0,0.77,1.2409300000000002e+65
1.0,0.771,1.9269300000000002e+65
1.0,0.772,2.99103e+65
1.0,0.773,4.64037e+65
1.0,0.774,7.196850000000001e+65
1.0,0.775,1.11574e+66
1.0,0.776,1.72896e+66
1.0,0.777,2.6780400000000005e+66
1.0,0.778,4.1464500000000005e+66
1.0,0.779,6.418050000000001e+66
1.0,0.78,9.92956e+66
1.0,0.781,1.53554e+67
1.0,0.782,2.37388e+67
1.0,0.783,3.66846e+67
1.0,0.784,5.66684e+67
1.0,0.785,8.74964e+67
1.0,0.786,1.3506800000000002e+68
1.0,0.787,2.08408e+68
1.0,0.788,3.21409e+68
1.0,0.789,4.956230000000001e+68
1.0,0.79,7.638920000000001e+68
1.0,0.791,1.1767900000000002e+69
1.0,0.792,1.8126600000000003e+69
1.0,0.793,2.7907900000000004e+69
1.0,0.794,4.294670000000001e+69
1.0,0.795,6.608130000000001e+69
1.0,0.796,1.0163100000000002e+70
1.0,0.797,1.5624300000000002e+70
1.0,0.798,2.4013600000000005e+70
1.0,0.799,3.6892800000000005e+70
10.0,0.1,9.16571
10.0,0.101,9.188989999999999
10.0,0.102,9.21237
10.0,0.103,9.23584
10.0,0.104,9.25941
10.0,0.105,9.28307
10.0,0.106,9.30682
10.0,0.107,9.33067
10.0,0.108,9.354610000000001
10.0,0.109,9.37865
10.0,0.11,9.40278
10.0,0.111,9.427019999999999
10.0,0.112,9.45135
10.0,0.113,9.475769999999999
10.0,0.114,9.5003
10.0,0.115,9.52493
10.0,0.116,9.54965
10.0,0.117,9.57448
10.0,0.118,9.59941
10.0,0.119,9.62444
10.0,0.12,9.649569999999999
10.0,0.121,9.67481
10.0,0.122,9.70015
10.0,0.123,9.7256
10.0,0.124,9.75115
10.0,0.125,9.7768
10.0,0.126,9.80256
10.0,0.127,9.82843
10.0,0.128,9.854410000000001
10.0,0.129,9.88049
10.0,0.13,9.90669
10.0,0.131,9.93299
10.0,0.132,9.95941
10.0,0.133,9.98593
10.0,0.134,10.0126
10.0,0.135,10.0393
10.0,0.136,10.0662
10.0,0.137,10.0932
10.0,0.138,10.1203
10.0,0.139,10.1475
10.0,0.14,10.1748
10.0,0.141,10.2022
10.0,0.142,10.2298
10.0,0.143,10.2575
10.0,0.144,10.2853
10.0,0.145,10.3132
10.0,0.146,10.3412
10.0,0.147,10.3694
10.0,0.148,10.3977
10.0,0.149,10.4261
10.0,0.15,10.4546
10.0,0.151,10.4832
10.0,0.152,10.512
10.0,0.153,10.5409
10.0,0.154,10.57
10.0,0.155,10.5991
10.0,0.156,10.6284
10.0,0.157,10.6578
10.0,0.158,10.6874
10.0,0.159,10.7171
10.0,0.16,10.7469
10.0,0.161,10.7768
10.0,0.162,10.8069
10.0,0.163,10.8371
10.0,0.164,10.8675
10.0,0.165,10.898
10.0,0.166,10.9286
10.0,0.167,10.9593
10.0,0.168,10.9903
10.0,0.169,11.0213
10.0,0.17,11.0525
10.0,0.171,11.0838
10.0,0.172,11.1153
10.0,0.173,11.1469
10.0,0.174,11.1787
10.0,0.175,11.2106
10.0,0.176,11.2426
10.0,0.177,11.2748
10.0,0.178,11.3072
10.0,0.179,11.3397
10.0,0.18,11.3724
10.0,0.181,11.4052
10.0,0.182,11.4381
10.0,0.183,11.4713
10.0,0.184,11.5045
10.0,0.185,11.538
10.0,0.186,11.5716
10.0,0.187,11.6053
10.0,0.188,11.6392
10.0,0.189,11.6733
10.0,0.19,11.7075
10.0,0.191,11.7419
10.0,0.192,11.7765
10.0,0.193,11.8112
10.0,0.194,11.8461
10.0,0.195,11.8812
10.0,0.196,11.9165
10.0,0.197,11.9519
10.0,0.198,11.9874
10.0,0.199,12.0232
10.0,0.2,12.0591
10.0,0.201,12.0952
10.0,0.202,12.1315
10.0,0.203,12.168
10.0,0.204,12.2046
10.0,0.205,12.2415
10.0,0.206,12.2785
10.0,0.207,12.3157
10.0,0.208,12.353
10.0,0.209,12.3906
10.0,0.21,12.4284
10.0,0.211,12.4663
10.0,0.212,12.5044
10.0,0.213,12.5428
10.0,0.214,12.5813
10.0,0.215,12.62
10.0,0.216,12.6589
10.0,0.217,12.698
10.0,0.218,12.7374
10.0,0.219,12.7769
10.0,0.22,12.8166
10.0,0.221,12.8565
10.0,0.222,12.8966
10.0,0.223,12.937000000000001
10.0,0.224,12.9775
10.0,0.225,13.0183
10.0,0.226,13.0593
10.0,0.227,13.1005
10.0,0.228,13.1419
10.0,0.229,13.1835
10.0,0.23,13.2253
10.0,0.231,13.2674
10.0,0.232,13.3097
10.0,0.233,13.3522
10.0,0.234,13.3949
10.0,0.235,13.4379
10.0,0.236,13.4811
10.0,0.237,13.5245
10.0,0.238,13.5682
10.0,0.239,13.6121
10.0,0.24,13.6562
10.0,0.241,13.7006
10.0,0.242,13.7452
10.0,0.243,13.7901
10.0,0.244,13.8352
10.0,0.245,13.8806
10.0,0.246,13.9262
10.0,0.247,13.9721
10.0,0.248,14.0182
10.0,0.249,14.0645
10.0,0.25,14.1112
10.0,0.251,14.1581
10.0,0.252,14.2052
10.0,0.253,14.2527
10.0,0.254,14.3003
10.0,0.255,14.3483
10.0,0.256,14.3965
10.0,0.257,14.445
10.0,0.258,14.4938
10.0,0.259,14.5429
10.0,0.26,14.5922
10.0,0.261,14.6418
10.0,0.262,14.6917
10.0,0.263,14.7419
10.0,0.264,14.7924
10.0,0.265,14.8432
10.0,0.266,14.8943
10.0,0.267,14.9457
10.0,0.268,14.9974
10.0,0.269,15.0493
10.0,0.27,15.1016
10.0,0.271,15.1542
10.0,0.272,15.2072
10.0,0.273,15.2604
10.0,0.274,15.3139
10.0,0.275,15.3678
10.0,0.276,15.422
10.0,0.277,15.4765
10.0,0.278,15.5314
10.0,0.279,15.5865
10.0,0.28,15.6421
10.0,0.281,15.6979
10.0,0.282,15.7541
10.0,0.283,15.8107
10.0,0.284,15.8675
10.0,0.285,15.9248
10.0,0.286,15.9824
10.0,0.287,16.0403
10.0,0.288,16.0986
10.0,0.289,16.1573
10.0,0.29,16.2164
10.0,0.291,16.2758
10.0,0.292,16.3356
10.0,0.293,16.3958
10.0,0.294,16.4563
10.0,0.295,16.5173
10.0,0.296,16.5786
10.0,0.297,16.6403
10.0,0.298,16.7024
10.0,0.299,16.765
10.0,0.3,16.8279
10.0,0.301,16.8912
10.0,0.302,16.955
10.0,0.303,17.0191
10.0,0.304,17.0837
10.0,0.305,17.1487
10.0,0.306,17.2142
10.0,0.307,17.28
10.0,0.308,17.3464
10.0,0.309,17.4131
10.0,0.31,17.4803
10.0,0.311,17.548
10.0,0.312,17.6161
10.0,0.313,17.6846
10.0,0.314,17.7537
10.0,0.315,17.8232
10.0,0.316,17.8931
10.0,0.317,17.9636
10.0,0.318,18.0345
10.0,0.319,18.105999999999998
10.0,0.32,18.1779
10.0,0.321,18.2503
10.0,0.322,18.3233
10.0,0.323,18.3967
10.0,0.324,18.4706
10.0,0.325,18.5451
10.0,0.326,18.6201
10.0,0.327,18.6957
10.0,0.328,18.7717
10.0,0.329,18.8483
10.0,0.33,18.9255
10.0,0.331,19.0032
10.0,0.332,19.0815
10.0,0.333,19.1604
10.0,0.334,19.2398
10.0,0.335,19.3198
10.0,0.336,19.4004
10.0,0.337,19.4816
10.0,0.338,19.5633
10.0,0.339,19.6457
10.0,0.34,19.7287
10.0,0.341,19.8123
10.0,0.342,19.8966
10.0,0.343,19.9815
10.0,0.344,20.067
10.0,0.345,20.1531
10.0,0.346,20.24
10.0,0.347,20.3275
10.0,0.348,20.4156
10.0,0.349,20.5044
10.0,0.35,20.594
10.0,0.351,20.6842
10.0,0.352,20.7751
10.0,0.353,20.8667
10.0,0.354,20.9591
10.0,0.355,21.0521
10.0,0.356,21.1459
10.0,0.357,21.2405
10.0,0.358,21.3358
10.0,0.359,21.4319
10.0,0.36,21.5287
10.0,0.361,21.6263
10.0,0.362,21.7247
10.0,0.363,21.8239
10.0,0.364,21.924
10.0,0.365,22.0248
10.0,0.366,22.1265
10.0,0.367,22.229
10.0,0.368,22.3323
10.0,0.369,22.4366
10.0,0.37,22.5417
10.0,0.371,22.6476
10.0,0.372,22.7545
10.0,0.373,22.8623
10.0,0.374,22.971
10.0,0.375,23.0806
10.0,0.376,23.1912
10.0,0.377,23.3027
10.0,0.378,23.4152
10.0,0.379,23.5286
10.0,0.38,23.6431
10.0,0.381,23.7585
10.0,0.382,23.875
10.0,0.383,23.9925
10.0,0.384,24.1111
10.0,0.385,24.2307
10.0,0.386,24.3513
10.0,0.387,24.4731
10.0,0.388,24.596
10.0,0.389,24.7199
10.0,0.39,24.8451
10.0,0.391,24.9713
10.0,0.392,25.0988
10.0,0.393,25.2274
10.0,0.394,25.3572
10.0,0.395,25.4882
10.0,0.396,25.6204
10.0,0.397,25.7539
10.0,0.398,25.8887
10.0,0.399,26.0247
10.0,0.4,26.162
10.0,0.401,26.3007
10.0,0.402,26.4407
10.0,0.403,26.5821
10.0,0.404,26.7248
10.0,0.405,26.8689
10.0,0.406,27.0145
10.0,0.407,27.1615
10.0,0.408,27.31
10.0,0.409,27.4599
10.0,0.41,27.6114
10.0,0.411,27.7643
10.0,0.412,27.9189
10.0,0.413,28.075
10.0,0.414,28.2327
10.0,0.415,28.392
10.0,0.416,28.553
10.0,0.417,28.7157
10.0,0.418,28.88
10.0,0.419,29.0461
10.0,0.42,29.214000000000002
10.0,0.421,29.3836
10.0,0.422,29.5551
10.0,0.423,29.7283
10.0,0.424,29.9035
10.0,0.425,30.0806
10.0,0.426,30.2596
10.0,0.427,30.4405
10.0,0.428,30.6235
10.0,0.429,30.8085
10.0,0.43,30.9956
10.0,0.431,31.1847
10.0,0.432,31.375999999999998
10.0,0.433,31.5695
10.0,0.434,31.7652
10.0,0.435,31.9631
10.0,0.436,32.1633
10.0,0.437,32.3659
10.0,0.438,32.5708
10.0,0.439,32.7781
10.0,0.44,32.9879
10.0,0.441,33.2002
10.0,0.442,33.415
10.0,0.443,33.6324
10.0,0.444,33.8524
10.0,0.445,34.0751
10.0,0.446,34.3006
10.0,0.447,34.5288
10.0,0.448,34.7598
10.0,0.449,34.9938
10.0,0.45,35.2307
10.0,0.451,35.4706
10.0,0.452,35.7135
10.0,0.453,35.9595
10.0,0.454,36.2088
10.0,0.455,36.4612
10.0,0.456,36.717
10.0,0.457,36.9761
10.0,0.458,37.2386
10.0,0.459,37.5047
10.0,0.46,37.7743
10.0,0.461,38.0475
10.0,0.462,38.3245
10.0,0.463,38.6053
10.0,0.464,38.8899
10.0,0.465,39.1785
10.0,0.466,39.4711
10.0,0.467,39.7678
10.0,0.468,40.0687
10.0,0.469,40.374
10.0,0.47,40.6836
10.0,0.471,40.9977
10.0,0.472,41.3164
10.0,0.473,41.6397
10.0,0.474,41.9679
10.0,0.475,42.3009
10.0,0.476,42.638999999999996
10.0,0.477,42.9822
10.0,0.478,43.3306
10.0,0.479,43.6843
10.0,0.48,44.0436
10.0,0.481,44.4084
10.0,0.482,44.778999999999996
10.0,0.483,45.1554
10.0,0.484,45.5379
10.0,0.485,45.9266
10.0,0.486,46.3215
10.0,0.487,46.7229
10.0,0.488,47.131
10.0,0.489,47.5458
10.0,0.49,47.9676
10.0,0.491,48.3966
10.0,0.492,48.8329
10.0,0.493,49.2766
10.0,0.494,49.7281
10.0,0.495,50.1876
10.0,0.496,50.6551
10.0,0.497,51.131
10.0,0.498,51.6154
10.0,0.499,52.1086
10.0,0.5,52.6109
10.0,0.501,53.1225
10.0,0.502,53.6436
10.0,0.503,54.1745
10.0,0.504,54.7155
10.0,0.505,55.266999999999996
10.0,0.506,55.8291
10.0,0.507,56.4022
10.0,0.508,56.9867
10.0,0.509,57.5828
10.0,0.51,58.191
10.0,0.511,58.8115
10.0,0.512,59.4449
10.0,0.513,60.0914
10.0,0.514,60.7515
10.0,0.515,61.4256
10.0,0.516,62.1142
10.0,0.517,62.8178
10.0,0.518,63.5368
10.0,0.519,64.2717
10.0,0.52,65.0232
10.0,0.521,65.7917
10.0,0.522,66.5778
10.0,0.523,67.3822
10.0,0.524,68.2055
10.0,0.525,69.0483
10.0,0.526,69.9114
10.0,0.527,70.7956
10.0,0.528,71.7015
10.0,0.529,72.6301
10.0,0.53,73.5821
10.0,0.531,74.5585
10.0,0.532,75.5602
10.0,0.533,76.5882
10.0,0.534,77.6436
10.0,0.535,78.7274
10.0,0.536,79.8409
10.0,0.537,80.9853
10.0,0.538,82.1618
10.0,0.539,83.3719
10.0,0.54,84.617
10.0,0.541,85.8986
10.0,0.542,87.2184
10.0,0.543,3.49604e+18
10.0,0.544,1.00923e+20
10.0,0.545,7.32558e+20
10.0,0.546,3.21682e+21
10.0,0.547,1.08822e+22
10.0,0.548,3.13931e+22
10.0,0.549,8.13605e+22
10.0,0.55,1.95277e+23
10.0,0.551,4.42442e+23
10.0,0.552,9.5862e+23
10.0,0.553,2.00413e+24
10.0,0.554,4.06957e+24
10.0,0.555,8.0665e+24
10.0,0.556,1.56666e+25
10.0,0.557,2.99026e+25
10.0,0.558,5.6225e+25
10.0,0.559,1.04348e+26
10.0,0.56,1.9144e+26
10.0,0.561,3.47697e+26
10.0,0.562,6.25779e+26
10.0,0.563,1.11715e+27
10.0,0.564,1.97987e+27
10.0,0.565,3.48563e+27
10.0,0.566,6.09971e+27
10.0,0.567,1.06156e+28
10.0,0.568,1.83817e+28
10.0,0.569,3.16823e+28
10.0,0.57,5.43716e+28
10.0,0.571,9.29393e+28
10.0,0.572,1.58282e+29
10.0,0.573,2.68645e+29
10.0,0.574,4.54498e+29
10.0,0.575,7.66606e+29
10.0,0.576,1.28938e+30
10.0,0.577,2.16298e+30
10.0,0.578,3.61937e+30
10.0,0.579,6.04189e+30
10.0,0.58,1.00642e+31
10.0,0.581,1.67285e+31
10.0,0.582,2.77499e+31
10.0,0.583,4.59452e+31
10.0,0.584,7.59339e+31
10.0,0.585,1.2528e+32
10.0,0.586,2.06348e+32
10.0,0.587,3.39355e+32
10.0,0.588,5.57256e+32
10.0,0.589,9.13745e+32
10.0,0.59,1.49619e+33
10.0,0.591,2.44674e+33
10.0,0.592,3.99586e+33
10.0,0.593,6.51828e+33
10.0,0.594,1.06198e+34
10.0,0.595,1.72835e+34
10.0,0.596,2.80965e+34
10.0,0.597,4.56258e+34
10.0,0.598,7.40169e+34
10.0,0.599,1.19955e+35
10.0,0.6,1.94208e+35
10.0,0.601,3.14159e+35
10.0,0.602,5.07712e+35
10.0,0.603,8.19804e+35
10.0,0.604,1.32259e+36
10.0,0.605,2.13194e+36
10.0,0.606,3.43386e+36
10.0,0.607,5.52664e+36
10.0,0.608,8.888000000000001e+36
10.0,0.609,1.42831e+37
10.0,0.61,2.29362e+37
10.0,0.611,3.6805600000000004e+37
10.0,0.612,5.90209e+37
10.0,0.613,9.45806e+37
10.0,0.614,1.5146400000000002e+38
10.0,0.615,2.424e+38
10.0,0.616,3.87695e+38
10.0,0.617,6.19713e+38
10.0,0.618,9.899720000000001e+38
10.0,0.619,1.58048e+39
10.0,0.62,2.5217700000000002e+39
10.0,0.621,4.02137e+39
10.0,0.622,6.4089e+39
10.0,0.623,1.0208900000000001e+40
10.0,0.624,1.62532e+40
10.0,0.625,2.58617e+40
10.0,0.626,4.11291e+40
10.0,0.627,6.537460000000001e+40
10.0,0.628,1.0386800000000001e+41
10.0,0.629,1.6493700000000001e+41
10.0,0.63,2.6177800000000002e+41
10.0,0.631,4.15296e+41
10.0,0.632,6.585200000000001e+41
10.0,0.633,1.04371e+42
10.0,0.634,1.65343e+42
10.0,0.635,2.6182000000000003e+42
10.0,0.636,4.14401e+42
10.0,0.637,6.556150000000001e+42
10.0,0.638,1.03679e+43
10.0,0.639,1.6388e+43
10.0,0.64,2.5894800000000003e+43
10.0,0.641,4.08977e+43
10.0,0.642,6.45645e+43
10.0,0.643,1.0189e+44
10.0,0.644,1.60719e+44
10.0,0.645,2.53436e+44
10.0,0.646,3.99458e+44
10.0,0.647,6.29382e+44
10.0,0.648,9.91259e+44
10.0,0.649,1.5605800000000002e+45
10.0,0.65,2.4560300000000002e+45
10.0,0.651,3.86364e+45
10.0,0.652,6.076130000000001e+45
10.0,0.653,9.55139e+45
10.0,0.654,1.50101e+46
10.0,0.655,2.3578e+46
10.0,0.656,3.70266e+46
10.0,0.657,5.81209e+46
10.0,0.658,9.120780000000001e+46
10.0,0.659,1.4307100000000002e+47
10.0,0.66,2.2436e+47
10.0,0.661,3.51699e+47
10.0,0.662,5.51141e+47
10.0,0.663,8.633790000000001e+47
10.0,0.664,1.35204e+48
10.0,0.665,2.1166400000000002e+48
10.0,0.666,3.3123300000000004e+48
10.0,0.667,5.1822e+48
10.0,0.668,8.10451e+48
10.0,0.669,1.2671700000000002e+49
10.0,0.67,1.98051e+49
10.0,0.671,3.09445e+49
10.0,0.672,4.833490000000001e+49
10.0,0.673,7.546850000000001e+49
10.0,0.674,1.17815e+50
10.0,0.675,1.8385e+50
10.0,0.676,2.86812e+50
10.0,0.677,4.4730500000000006e+50
10.0,0.678,6.97347e+50
10.0,0.679,1.0869700000000001e+51
10.0,0.68,1.69366e+51
10.0,0.681,2.6380700000000003e+51
10.0,0.682,4.10823e+51
10.0,0.683,6.39551e+51
10.0,0.684,9.953410000000001e+51
10.0,0.685,1.54862e+52
10.0,0.686,2.40867e+52
10.0,0.687,3.74552e+52
10.0,0.688,5.822470000000001e+52
10.0,0.689,9.048110000000001e+52
10.0,0.69,1.4058200000000002e+53
10.0,0.691,2.1835e+53
10.0,0.692,3.39027e+53
10.0,0.693,5.26308e+53
10.0,0.694,8.16772e+53
10.0,0.695,1.26714e+54
10.0,0.696,1.9654500000000002e+54
10.0,0.697,3.04764e+54
10.0,0.698,4.7243100000000004e+54
10.0,0.699,7.32166e+54
10.0,0.7,1.13438e+55
10.0,0.701,1.75708e+55
10.0,0.702,2.7207600000000003e+55
10.0,0.703,4.2122100000000004e+55
10.0,0.704,6.519180000000001e+55
10.0,0.705,1.00861e+56
10.0,0.706,1.5603200000000001e+56
10.0,0.707,2.4129500000000003e+56
10.0,0.708,3.7304800000000003e+56
10.0,0.709,5.76599e+56
10.0,0.71,8.910170000000001e+56
10.0,0.711,1.37649e+57
10.0,0.712,2.1257500000000004e+57
10.0,0.713,3.2825200000000004e+57
10.0,0.714,5.0670100000000006e+57
10.0,0.715,7.819790000000001e+57
10.0,0.716,1.20642e+58
10.0,0.717,1.8610200000000003e+58
10.0,0.718,2.86983e+58
10.0,0.719,4.42433e+58
10.0,0.72,6.81912e+58
10.0,0.721,1.05083e+59
10.0,0.722,1.6188500000000001e+59
10.0,0.723,2.4932100000000002e+59
10.0,0.724,3.83894e+59
10.0,0.725,5.90995e+59
10.0,0.726,9.09548e+59
10.0,0.727,1.3994300000000002e+60
10.0,0.728,2.1526400000000002e+60
10.0,0.729,3.31072e+60
10.0,0.73,5.09023e+60
10.0,0.731,7.82436e+60
10.0,0.732,1.20234e+61
10.0,0.733,1.8474300000000003e+61
10.0,0.734,2.83766e+61
10.0,0.735,4.357770000000001e+61
10.0,0.736,6.68997e+61
10.0,0.737,1.0269200000000001e+62
10.0,0.738,1.57591e+62
10.0,0.739,2.41776e+62
10.0,0.74,3.70835e+62
10.0,0.741,5.68642e+62
10.0,0.742,8.71857e+62
10.0,0.743,1.3363200000000002e+63
10.0,0.744,2.0478100000000005e+63
10.0,0.745,3.1371300000000002e+63
10.0,0.746,4.80519e+63
10.0,0.747,7.35864e+63
10.0,0.748,1.12657e+64
10.0,0.749,1.72436e+64
10.0,0.75,2.6385200000000003e+64
10.0,0.751,4.0369200000000004e+64
10.0,0.752,6.17493e+64
10.0,0.753,9.442640000000001e+64
10.0,0.754,1.44366e+65
10.0,0.755,2.2064800000000003e+65
10.0,0.756,3.3720400000000005e+65
10.0,0.757,5.15206e+65
10.0,0.758,7.86948e+65
10.0,0.759,1.2017899999999999e+66
10.0,0.76,1.83476e+66
10.0,0.761,2.8006900000000002e+66
10.0,0.762,4.27436e+66
10.0,0.763,6.5215100000000004e+66
10.0,0.764,9.94824e+66
10.0,0.765,1.51713e+67
10.0,0.766,2.31308e+67
10.0,0.767,3.52636e+67
10.0,0.768,5.37447e+67
10.0,0.769,8.18916e+67
10.0,0.77,1.24753e+68
10.0,0.771,1.89993e+68
10.0,0.772,2.89311e+68
10.0,0.773,4.404700000000001e+68
10.0,0.774,6.704129999999999e+68
10.0,0.775,1.0201900000000002e+69
10.0,0.776,1.5520900000000002e+69
10.0,0.777,2.3606300000000005e+69
10.0,0.778,3.59007e+69
10.0,0.779,5.458610000000001e+69
10.0,0.78,8.297360000000002e+69
10.0,0.781,1.2610000000000002e+70
10.0,0.782,1.9159600000000005e+70
10.0,0.783,2.9103000000000003e+70
10.0,0.784,4.420250000000001e+70
10.0,0.785,6.712250000000001e+70
10.0,0.786,1.0189900000000002e+71
10.0,0.787,1.5466200000000003e+71
10.0,0.788,2.3469500000000003e+71
10.0,0.789,3.5604500000000006e+71
10.0,0.79,5.400520000000001e+71
10.0,0.791,8.190510000000001e+71
10.0,0.792,1.2418500000000002e+72
10.0,0.793,1.88244e+72
10.0,0.794,2.8529900000000004e+72
10.0,0.795,4.322790000000001e+72
10.0,0.796,6.548060000000001e+72
10.0,0.797,9.918400000000002e+72
10.0,0.798,1.5019900000000003e+73
10.0,0.799,2.2739400000000003e+73
